{"dropout": 0.015993512678996374, "hidden_units": 256, "learning_rate": 0.0010436221556389558, "optimizer": "Adam"}